-- phpMyAdmin SQL Dump
-- version 4.1.14
-- http://www.phpmyadmin.net
--
-- Host: 127.0.0.1
-- Generation Time: May 17, 2019 at 11:02 PM
-- Server version: 5.6.17
-- PHP Version: 5.5.12

SET SQL_MODE = "NO_AUTO_VALUE_ON_ZERO";
SET time_zone = "+00:00";


/*!40101 SET @OLD_CHARACTER_SET_CLIENT=@@CHARACTER_SET_CLIENT */;
/*!40101 SET @OLD_CHARACTER_SET_RESULTS=@@CHARACTER_SET_RESULTS */;
/*!40101 SET @OLD_COLLATION_CONNECTION=@@COLLATION_CONNECTION */;
/*!40101 SET NAMES utf8 */;

--
-- Database: `e_commerce_database`
--
CREATE DATABASE IF NOT EXISTS `e_commerce_database` DEFAULT CHARACTER SET latin1 COLLATE latin1_swedish_ci;
USE `e_commerce_database`;

-- --------------------------------------------------------

--
-- Table structure for table `archive_products`
--

CREATE TABLE IF NOT EXISTS `archive_products` (
  `id` int(11) NOT NULL,
  `name` varchar(255) NOT NULL,
  `cost` double NOT NULL DEFAULT '0',
  `description` text,
  `quantity` int(11) NOT NULL DEFAULT '0',
  `tags` varchar(255) NOT NULL,
  `type` varchar(255) NOT NULL,
  `section_id` int(11) NOT NULL,
  PRIMARY KEY (`id`),
  KEY `section_link` (`section_id`)
) ENGINE=InnoDB DEFAULT CHARSET=latin1;

--
-- Dumping data for table `archive_products`
--

INSERT INTO `archive_products` (`id`, `name`, `cost`, `description`, `quantity`, `tags`, `type`, `section_id`) VALUES
(1, 'Test', 55, 'jkhl', 4, 'gsf,g,j,d', 'test', 1),
(2, 'asdf', 55, 'adsf', 4, 'asdf,h,g,a,e', 'asdf', 1),
(3, 'TestUpload', 55, 'Testing', 5, 'test,ing,sure', 'test', 1),
(4, 'Stufftotest', 33, 'ohfaslfhasj', 5, 'Testinga,again,Sure', 'test', 1),
(5, 'Testing', 55, 'test', 4, 'Testing,again,sure', 'test', 1),
(6, 'test', 55, 'Asfasfasdfsdfasdfasdfasdfa', 3, 'Gaming,Healthy,Lifestyle,Clothing', 'ff', 1),
(7, 'test', 55, 'afasdfsafadf', 3, 'Gaming', 'ff', 1),
(8, 'asdfkjh', 5, 'asdf', 33, 'asdf,sdf,gsdfg', 'asdf', 1),
(9, 'testing', 55, 'afafdasf', 5, 'test,gasdf', 'test', 1),
(10, 'asdfasfsd', 44, 'etsting', 4, 'asdfsdaf,asfd,fsda', 'asdf', 1),
(11, 'asdfsadfasdf', 44, 'asdfsadf', 4, 'asdfasdf,gsdfg', 'asdfasfd', 1),
(12, 'asdfsadfasdf', 44, 'asdfsadf', 4, 'asdfasdf,gsdfg', 'asdfasfd', 2),
(13, 'asdfsadfasdf', 44, 'asdfsadf', 4, 'asdfasdf,gsdfg', 'asdfasfd', 2),
(14, 'lkafjdlkjslfkaj', 55, 'rwporiwropi', 5, 'asdflkj,gesp''orti', 'lkasdfjasflksjaf', 1),
(15, 'lkafjdlkjslfkaj', 55, 'rwporiwropi', 5, 'asdflkj,gesp''orti', 'lkasdfjasflksjaf', 1),
(16, 'lkafjdlkjslfkaj', 55, 'rwporiwropi', 5, 'asdflkj,gesp''orti', 'lkasdfjasflksjaf', 1),
(17, 'laksdfjalsjf', 44, 'asdfa', 44, 'asdfj;kasf,gfsd,gdfsgh,fd', 'laskdfjas', 1),
(18, 'laksdfjalsjf', 44, 'asdfa', 44, 'asdfj;kasf,gfsd,gdfsgh,fd', 'laskdfjas', 1),
(19, 'asdflkasdjlkasj', 44, 'sadfasj', 4, 'falkj,asrewr,wqe', 'asfdsa', 1),
(20, 'asdflkasdjlkasj', 44, 'sadfasj', 4, 'falkj,asrewr,wqe', 'asfdsa', 1),
(21, 'asdflkasdjlkasj', 44, 'sadfasj', 4, 'falkj,asrewr,wqe', 'asfdsa', 1),
(22, 'asdflkasdjlkasj', 44, 'sadfasj', 4, 'falkj,asrewr,wqe', 'asfdsa', 1),
(23, ';ldfklasdfjalskfa', 33, 'fasdflk;aj', 3, 'weriqouroeqiy,pwoeripwori]q,ewwqadsas', 'asdfas', 2),
(24, 'Gaming', 33.33, 'asdf', 3, 'Testing,sure,whatever', 'Testing', 1),
(25, 'I7', 150, 'Core i7-6700K is a quad-core 64-bit x86 high-end performance desktop microprocessor introduced by Intel in late 2015. This processor, which is based on the Skylake microarchitecture and is fabricated on a 14 nm process, has a base frequency of 4 GHz and a turbo boost of up to 4.2 GHz with a TDP of 91 W.', 5, 'Processor,Gaming,Motherboard', 'Processor', 1),
(26, 'asdf', 22, 'asdfasdf', 2, 'asdfasdf', 'sadf', 1);

-- --------------------------------------------------------

--
-- Table structure for table `auth_tokens`
--

CREATE TABLE IF NOT EXISTS `auth_tokens` (
  `id` int(10) unsigned NOT NULL AUTO_INCREMENT,
  `selector` char(64) NOT NULL,
  `hashedValidator` char(64) NOT NULL,
  `userid` int(11) NOT NULL,
  PRIMARY KEY (`id`),
  KEY `userid` (`userid`)
) ENGINE=InnoDB  DEFAULT CHARSET=latin1 AUTO_INCREMENT=9 ;

--
-- Dumping data for table `auth_tokens`
--

INSERT INTO `auth_tokens` (`id`, `selector`, `hashedValidator`, `userid`) VALUES
(3, '20797243485cdab4a9567f52.27570024', '13.0NiOAR8n8E', 1),
(4, '16474830265c', '40EM1DFsofa32', 225),
(5, '19528106765caf69f5279c88.29378674', '87jFIYVy.LdBc', 3),
(6, '10883576765cd06cf0296e66.59690737', '94SEZDBNB9Fss', 231),
(7, '6294254035cd2dfc7e86ba3.46180544', '98.XIuLQ5o.N2', 232),
(8, '2856016175cd2dff76586b7.25607390', '12zpcQehuyYAI', 233);

-- --------------------------------------------------------

--
-- Table structure for table `cart`
--

CREATE TABLE IF NOT EXISTS `cart` (
  `id` int(11) NOT NULL AUTO_INCREMENT,
  `product_id` int(11) NOT NULL,
  `user_id` int(11) NOT NULL,
  `quantity` int(11) NOT NULL,
  PRIMARY KEY (`id`),
  KEY `product_id` (`product_id`),
  KEY `user_id` (`user_id`)
) ENGINE=InnoDB  DEFAULT CHARSET=latin1 AUTO_INCREMENT=39 ;

--
-- Dumping data for table `cart`
--

INSERT INTO `cart` (`id`, `product_id`, `user_id`, `quantity`) VALUES
(33, 25, 236, 3),
(38, 25, 1, 1);

-- --------------------------------------------------------

--
-- Table structure for table `coupon`
--

CREATE TABLE IF NOT EXISTS `coupon` (
  `id` int(11) NOT NULL AUTO_INCREMENT,
  `code` varchar(255) NOT NULL,
  `description` varchar(255) NOT NULL,
  `amount` double NOT NULL,
  `usages` int(11) NOT NULL,
  `expiry` date NOT NULL,
  `created` date NOT NULL,
  PRIMARY KEY (`id`),
  UNIQUE KEY `code` (`code`)
) ENGINE=InnoDB  DEFAULT CHARSET=latin1 AUTO_INCREMENT=6 ;

--
-- Dumping data for table `coupon`
--

INSERT INTO `coupon` (`id`, `code`, `description`, `amount`, `usages`, `expiry`, `created`) VALUES
(2, 'SALE2019', 'fffff', 5, 20, '2020-12-01', '2019-05-17'),
(3, 'SALE2020', 'asdf', 5, 0, '2020-02-01', '2019-05-17'),
(4, 'SALE2021', 'Testingagain', 55, 5, '2021-02-02', '2019-05-17'),
(5, 'SALE3020', 'adsf', 5, 0, '2020-10-01', '2019-05-17');

-- --------------------------------------------------------

--
-- Table structure for table `products`
--

CREATE TABLE IF NOT EXISTS `products` (
  `id` int(11) NOT NULL AUTO_INCREMENT,
  `name` varchar(255) NOT NULL,
  `cost` double NOT NULL DEFAULT '0',
  `description` text,
  `quantity` int(11) NOT NULL DEFAULT '0',
  `tags` varchar(255) NOT NULL,
  `type` varchar(255) NOT NULL,
  `section_id` int(11) DEFAULT NULL,
  PRIMARY KEY (`id`),
  KEY `section_link` (`section_id`)
) ENGINE=InnoDB  DEFAULT CHARSET=latin1 AUTO_INCREMENT=27 ;

--
-- Dumping data for table `products`
--

INSERT INTO `products` (`id`, `name`, `cost`, `description`, `quantity`, `tags`, `type`, `section_id`) VALUES
(1, 'Test', 55, 'jkhl', 0, 'gsf,g,j,d', 'test', 1),
(2, 'asdf', 55, 'adsf', 3, 'asdf,h,g,a,e', 'asdf', 1),
(3, 'TestUpload', 55, 'Testing', 4, 'test,ing,sure', 'test', 1),
(4, 'Stufftotest', 33.9, 'ohfaslfhasj', 5, 'Testinga,again,Sure', 'test', 1),
(5, 'Testing', 55.9, 'test', 3, 'Testing,again,sure', 'test', 1),
(6, 'test', 55, 'Asfasfasdfsdfasdfasdfasdfa', 3, 'Gaming,Healthy,Lifestyle,Clothing', 'ff', 1),
(8, 'asdfkjh', 5, 'asdf', 0, 'asdf,sdf,gsdfg', 'asdf', 1),
(9, 'testing', 55, 'afafdasf', 5, 'test,gasdf', 'test', 1),
(10, 'asdfasfsd', 44, 'etsting', 4, 'asdfsdaf,asfd,fsda', 'asdf', 1),
(11, 'asdfsadfasdf', 44, 'asdfsadf', 4, 'asdfasdf,gsdfg', 'asdfasfd', 1),
(12, 'asdfsadfasdf', 44, 'asdfsadf', 4, 'asdfasdf,gsdfg', 'asdfasfd', 2),
(13, 'asdfsadfasdf', 44, 'asdfsadf', 4, 'asdfasdf,gsdfg', 'asdfasfd', 2),
(14, 'lkafjdlkjslfkaj', 55, 'rwporiwropi', 5, 'asdflkj,gesp''orti', 'lkasdfjasflksjaf', 1),
(15, 'lkafjdlkjslfkaj', 55, 'rwporiwropi', 5, 'asdflkj,gesp''orti', 'lkasdfjasflksjaf', 1),
(16, 'lkafjdlkjslfkaj', 55, 'rwporiwropi', 5, 'asdflkj,gesp''orti', 'lkasdfjasflksjaf', 1),
(17, 'laksdfjalsjf', 44, 'asdfa', 44, 'asdfj;kasf,gfsd,gdfsgh,fd', 'laskdfjas', 1),
(18, 'laksdfjalsjf', 44, 'asdfa', 44, 'asdfj;kasf,gfsd,gdfsgh,fd', 'laskdfjas', 1),
(19, 'asdflkasdjlkasj', 44, 'sadfasj', 4, 'falkj,asrewr,wqe', 'asfdsa', 1),
(20, 'asdflkasdjlkasj', 44, 'sadfasj', 4, 'falkj,asrewr,wqe', 'asfdsa', 1),
(21, 'asdflkasdjlkasj', 44, 'sadfasj', 4, 'falkj,asrewr,wqe', 'asfdsa', 1),
(22, 'asdflkasdjlkasj', 44, 'sadfasj', 4, 'falkj,asrewr,wqe', 'asfdsa', 1),
(23, ';ldfklasdfjalskfa', 33, 'fasdflk;aj', 3, 'weriqouroeqiy,pwoeripwori]q,ewwqadsas', 'asdfas', 2),
(24, 'Gaming', 33.33, 'asdf', 3, 'Testing,sure,whatever', 'Testing', 1),
(25, 'I7', 150, 'Core i7-6700K is a quad-core 64-bit x86 high-end performance desktop microprocessor introduced by Intel in late 2015. This processor, which is based on the Skylake microarchitecture and is fabricated on a 14 nm process, has a base frequency of 4 GHz and a turbo boost of up to 4.2 GHz with a TDP of 91 W.', 4, 'Processor,Gaming,Motherboard', 'Processor', 1),
(26, 'asdf', 22, 'asdfasdf', 2, 'asdfasdf', 'sadf', 1);

-- --------------------------------------------------------

--
-- Table structure for table `ratings`
--

CREATE TABLE IF NOT EXISTS `ratings` (
  `id` int(11) NOT NULL AUTO_INCREMENT,
  `product_id` int(11) NOT NULL,
  `user_id` int(11) NOT NULL,
  `score` int(11) NOT NULL,
  PRIMARY KEY (`id`),
  KEY `product_id` (`product_id`),
  KEY `user_id` (`user_id`)
) ENGINE=InnoDB  DEFAULT CHARSET=latin1 AUTO_INCREMENT=2 ;

--
-- Dumping data for table `ratings`
--

INSERT INTO `ratings` (`id`, `product_id`, `user_id`, `score`) VALUES
(1, 1, 1, 3);

-- --------------------------------------------------------

--
-- Table structure for table `sections`
--

CREATE TABLE IF NOT EXISTS `sections` (
  `id` int(11) NOT NULL AUTO_INCREMENT,
  `name` varchar(255) NOT NULL,
  PRIMARY KEY (`id`)
) ENGINE=InnoDB  DEFAULT CHARSET=latin1 AUTO_INCREMENT=7 ;

--
-- Dumping data for table `sections`
--

INSERT INTO `sections` (`id`, `name`) VALUES
(1, 'Hardware'),
(2, 'Service'),
(3, 'Software'),
(4, 'Gaming'),
(5, 'Testing'),
(6, 'Test 2');

-- --------------------------------------------------------

--
-- Table structure for table `shipping`
--

CREATE TABLE IF NOT EXISTS `shipping` (
  `id` int(11) NOT NULL AUTO_INCREMENT,
  `shipping_type` varchar(255) NOT NULL,
  `shipping_cost` double NOT NULL,
  `expected_delivery` varchar(255) DEFAULT NULL,
  PRIMARY KEY (`id`)
) ENGINE=InnoDB  DEFAULT CHARSET=latin1 AUTO_INCREMENT=4 ;

--
-- Dumping data for table `shipping`
--

INSERT INTO `shipping` (`id`, `shipping_type`, `shipping_cost`, `expected_delivery`) VALUES
(1, 'First class', 5, '1 day'),
(2, 'Second class', 2.5, '5 working days'),
(3, 'Free shipping', 0, '12 working days');

-- --------------------------------------------------------

--
-- Table structure for table `transactions`
--

CREATE TABLE IF NOT EXISTS `transactions` (
  `id` int(11) NOT NULL AUTO_INCREMENT,
  `customer` int(11) DEFAULT NULL,
  `paymentMethod` varchar(255) NOT NULL,
  `shipping_id` int(11) NOT NULL,
  `status` varchar(255) NOT NULL,
  `products` varchar(255) NOT NULL,
  `date` date NOT NULL,
  `coupon` int(11) DEFAULT NULL,
  PRIMARY KEY (`id`),
  KEY `customer` (`customer`),
  KEY `coupon` (`coupon`),
  KEY `shipping_id` (`shipping_id`)
) ENGINE=InnoDB  DEFAULT CHARSET=latin1 AUTO_INCREMENT=8 ;

--
-- Dumping data for table `transactions`
--

INSERT INTO `transactions` (`id`, `customer`, `paymentMethod`, `shipping_id`, `status`, `products`, `date`, `coupon`) VALUES
(1, 1, 'Stripe', 1, 'Processing', '1,1', '2019-05-10', 2),
(2, 1, 'Stripe', 1, 'Processing', '1,1|3,4|5,1|2,1', '2019-05-12', NULL),
(3, 1, 'Stripe', 1, 'Processing', '2,1', '2019-05-12', NULL),
(4, 1, 'Stripe', 2, 'Processing', '2,1|2,1', '2019-05-14', NULL),
(5, 1, 'Stripe', 1, 'Processing', '25,1|1,1', '2019-05-17', NULL),
(6, 1, 'Stripe', 1, 'Processing', '2,1', '2019-05-17', NULL),
(7, 1, 'Stripe', 1, 'Processing', '2,1', '2019-05-17', 2);

-- --------------------------------------------------------

--
-- Table structure for table `users`
--

CREATE TABLE IF NOT EXISTS `users` (
  `id` int(11) NOT NULL AUTO_INCREMENT,
  `first_name` varchar(255) NOT NULL,
  `last_name` varchar(255) NOT NULL,
  `other_name` varchar(255) DEFAULT NULL,
  `email` varchar(255) NOT NULL,
  `password` varchar(255) NOT NULL,
  `telephone` varchar(11) NOT NULL,
  `address` varchar(255) NOT NULL,
  `postcode` varchar(255) NOT NULL,
  `town` varchar(255) NOT NULL,
  `dob` date NOT NULL,
  `dateOfRegistry` date NOT NULL,
  `privileges` int(11) NOT NULL,
  `banned_status` int(11) NOT NULL DEFAULT '0',
  `verified` int(11) NOT NULL DEFAULT '0',
  `verification_code` varchar(16) NOT NULL,
  PRIMARY KEY (`id`)
) ENGINE=InnoDB  DEFAULT CHARSET=latin1 AUTO_INCREMENT=237 ;

--
-- Dumping data for table `users`
--

INSERT INTO `users` (`id`, `first_name`, `last_name`, `other_name`, `email`, `password`, `telephone`, `address`, `postcode`, `town`, `dob`, `dateOfRegistry`, `privileges`, `banned_status`, `verified`, `verification_code`) VALUES
(1, 'Test', 'test', 'test', 'test@test.com', '$2y$10$hdU8RJAgkrlhu6635BJxH.bcadhhwLG6mu2HoHA5540lyejw3jHiG', '07565495536', '9 test road', 'TE3 4ES', 'Test', '1997-09-01', '2019-03-04', 1, 0, 0, ''),
(2, 'Kyrstin', 'Spottiswood', 'Konstance', 'kspottiswood0@forbes.com', 'sb7jR047Mo', '8986585898', '14 Boyd Court', 'TN39 3UH', 'Älvdalen', '1988-01-06', '2018-08-02', 0, 0, 0, ''),
(3, 'Amberly', 'Fesby', 'Adolphe', 'afesby1@hexun.com', 'wAbQ6Fr', '6356995776', '441 Banding Park', 'TN39 3UH', 'Neglasari', '2007-06-27', '2019-01-09', 0, 0, 0, ''),
(4, 'Ardelis', 'Powys', 'Karoly', 'kpowys2@posterous.com', 'abmxvLGNsO', '5593895945', '43389 Eggendart Crossing', 'LL62 5AR', 'Horodok', '1982-08-20', '2018-11-07', 0, 0, 0, ''),
(5, 'Janaya', 'Baistow', 'Alikee', 'abaistow3@dell.com', 'CoWgUjuYh6', '9339411205', '595 Schurz Avenue', 'SY13 4BH', '???????', '1999-11-21', '2019-03-20', 0, 0, 0, ''),
(6, 'Karoline', 'Briers', 'Lelia', 'lbriers4@arstechnica.com', 'BbjusqSO', '5048875622', '7762 5th Alley', 'CH42 3XD', 'Molepolole', '1984-05-24', '2018-11-24', 0, 0, 0, ''),
(7, 'Estevan', 'Persey', 'Ky', 'kpersey5@mail.ru', 'dXiuBdI', '2113366237', '0902 Eliot Drive', 'TN39 3UH', 'T?ng?il', '2007-04-01', '2019-02-28', 0, 0, 0, ''),
(8, 'Theo', 'Ferras', 'Nanine', 'nferras6@fema.gov', 'hiOb36k', '2001016252', '2 Northwestern Lane', 'CH42 3XD', 'Nieszawa', '2010-01-12', '2018-10-03', 0, 0, 0, ''),
(9, 'Selena', 'Ismead', 'Godart', 'gismead7@squidoo.com', 'ByTkdt', '8427549480', '2802 Bobwhite Crossing', 'CH42 3XD', 'Kiev', '2010-04-19', '2018-06-24', 0, 0, 0, ''),
(10, 'Ilka', 'Gloy', 'Zondra', 'zgloy8@wired.com', 'ET6LpXcal', '2212711334', '2943 Moose Parkway', 'GU28 9BZ', 'Rongdoi', '1989-06-22', '2019-01-03', 0, 0, 0, ''),
(11, 'Sallyanne', 'Dellenbrook', 'Josefina', 'jdellenbrook9@meetup.com', 'eFJm7t', '1026490442', '0 Donald Plaza', 'SY13 4BH', 'Kebonan', '1989-02-04', '2018-12-09', 0, 0, 0, ''),
(12, 'Wait', 'Sextie', 'Saw', 'ssextiea@goodreads.com', 'LT2EA4E', '3503197192', '993 Paget Road', 'TN39 3UH', 'Kochani', '2003-12-03', '2018-06-15', 0, 0, 0, ''),
(13, 'Darn', 'Mor', 'Raul', 'rmorb@newsvine.com', 'wPpv1t8Hw', '4045411127', '1 Darwin Avenue', 'GU28 9BZ', 'Lawrenceville', '1985-08-03', '2018-04-21', 0, 0, 0, ''),
(14, 'Annadiane', 'Mowsley', 'Tito', 'tmowsleyc@mapquest.com', 'G6qCuKAXs7ua', '7068493079', '53151 Superior Road', 'TN39 3UH', 'Vishnyeva', '1980-07-29', '2018-09-15', 0, 0, 0, ''),
(15, 'Valeria', 'Cree', 'Daffy', 'dcreed@xinhuanet.com', 'jRNekizTzK', '4402711572', '7 John Wall Parkway', 'GU28 9BZ', 'Zengguang', '1990-02-08', '2019-01-19', 0, 0, 0, ''),
(16, 'Herby', 'Awcoate', 'Carlynne', 'cawcoatee@networkadvertising.org', 'bvRkVmQY', '5047273545', '50141 Maryland Pass', 'SY13 4BH', 'Mojomulyokrajan', '1990-11-20', '2018-08-10', 0, 0, 0, ''),
(17, 'Lia', 'Tommis', 'Andeee', 'atommisf@parallels.com', 'GGIXGN', '7474059634', '9496 Kropf Way', 'CH42 3XD', 'Mülheim an der Ruhr', '1996-10-17', '2018-05-30', 0, 0, 0, ''),
(18, 'Murdoch', 'Mansel', 'Eryn', 'emanselg@amazonaws.com', 'j2qlFIJVl5y', '1401338993', '582 Leroy Place', 'SN14 6WB', 'Baiqiao', '1991-10-16', '2019-02-26', 1, 0, 0, ''),
(19, 'Tressa', 'Abba', 'Elia', 'eabbah@intel.com', '5a5miH59', '7804832263', '2226 Moulton Alley', 'NG21 9BS', 'Baoxing', '2001-12-14', '2018-05-03', 0, 0, 0, ''),
(20, 'Clerc', 'Huey', 'Etta', 'ehueyi@ca.gov', '1CmHa1UI5fKd', '4756337267', '1176 Wayridge Road', 'NG21 9BS', 'Libode', '1995-03-12', '2018-04-15', 0, 0, 0, ''),
(21, 'Kristofer', 'Shilvock', 'Candide', 'cshilvockj@boston.com', 'LrcWa2', '8175480895', '673 Becker Trail', 'GU28 9BZ', 'Arão', '2011-02-04', '2019-03-14', 1, 0, 0, ''),
(22, 'Sondra', 'De Meyer', 'Desiri', 'ddemeyerk@live.com', 'ev8nq1HH4sgs', '6998878152', '76 Arapahoe Crossing', 'L31 0BJ', 'Gaozhou', '1987-12-14', '2018-05-09', 1, 0, 0, ''),
(23, 'Ravi', 'Grinikhinov', 'Arline', 'agrinikhinovl@bing.com', 'NTBpOp1om5A', '5938124021', '68821 Doe Crossing Crossing', 'TN39 3UH', 'Headlands', '1984-11-03', '2019-02-26', 0, 0, 0, ''),
(24, 'Lorna', 'Antill', 'Westleigh', 'wantillm@vimeo.com', 'SWgUqa0t3pSm', '9744978768', '0 Hollow Ridge Trail', 'SY13 4BH', 'Phatthalung', '1988-05-19', '2019-03-18', 1, 0, 0, ''),
(25, 'Spense', 'Leyfield', 'Valentine', 'vleyfieldn@eepurl.com', 'oQSSOBN', '9184095518', '694 Bunker Hill Circle', 'NG21 9BS', 'Glatik', '2007-10-03', '2019-01-12', 1, 0, 0, ''),
(26, 'Helyn', 'Scammell', 'Ronny', 'rscammello@google.ru', 'bddTCxF5Ss', '4829185395', '19 Comanche Trail', 'TN39 3UH', 'Phatthalung', '1996-08-23', '2018-06-16', 1, 0, 0, ''),
(27, 'Ross', 'Kinvan', 'Gunar', 'gkinvanp@nbcnews.com', 'QcYCKLLvG', '9649106202', '99 Dottie Street', 'SN14 6WB', 'Villasis', '1994-06-24', '2019-01-26', 1, 0, 0, ''),
(28, 'Dennis', 'Mixworthy', 'Dedie', 'dmixworthyq@t-online.de', 'n0iQDlQZ', '2653159116', '86277 Chive Pass', 'LL62 5AR', 'Labuhan', '2005-03-07', '2018-12-30', 1, 0, 0, ''),
(29, 'Sharia', 'Markovic', 'Jennine', 'jmarkovicr@vkontakte.ru', 'w7SkafXLl2EM', '7398774627', '15 Bonner Park', 'SN14 6WB', 'Gävle', '1998-10-01', '2018-12-10', 1, 0, 0, ''),
(30, 'Spencer', 'Amery', 'Fay', 'famerys@mayoclinic.com', 'R0Yzo91Yy', '5512519782', '01230 Linden Alley', 'L31 0BJ', 'Zongjia', '2008-02-14', '2018-04-23', 1, 0, 0, ''),
(31, 'Garvy', 'Amaya', 'Philis', 'pamayat@parallels.com', 'kyyZMf', '4682950938', '00668 Continental Avenue', 'LL62 5AR', 'Metapán', '1988-02-07', '2018-09-09', 0, 0, 0, ''),
(32, 'Evonne', 'Merle', 'Clementius', 'cmerleu@cbsnews.com', 'ci0o5hqkbi', '2375878931', '71 Anderson Way', 'CH42 3XD', 'Tsimlyansk', '1990-04-22', '2019-01-22', 1, 0, 0, ''),
(33, 'Devon', 'Oakinfold', 'Valle', 'voakinfoldv@loc.gov', 'Srj8iMyb6wUZ', '8583624084', '393 Messerschmidt Point', 'NG21 9BS', 'Luqa', '2008-02-25', '2018-08-22', 0, 0, 0, ''),
(34, 'Izaak', 'ducarme', 'Rowland', 'rducarmew@altervista.org', '6yHPosTQhE9', '6767706912', '259 Haas Way', 'TN39 3UH', 'Herrera', '1989-05-18', '2018-05-11', 0, 0, 0, ''),
(35, 'Elspeth', 'Mollatt', 'Gardner', 'gmollattx@answers.com', 'SI5rPgsP14Fo', '4198542030', '0 Caliangt Road', 'SY13 4BH', 'Toledo', '2001-01-13', '2018-12-12', 0, 0, 0, ''),
(36, 'Tull', 'Willeson', 'Fidelio', 'fwillesony@typepad.com', 'sBUspP', '6548168215', '9 Florence Road', 'NG21 9BS', 'Barreiro do Jaíba', '1987-05-21', '2018-12-09', 0, 0, 0, ''),
(37, 'Annabell', 'Irvine', 'Padraic', 'pirvinez@hc360.com', 'Xik0enK2et4B', '9263720218', '12673 Mendota Terrace', 'GU28 9BZ', 'Asikkala', '1999-03-18', '2019-03-13', 1, 0, 0, ''),
(38, 'Heddie', 'Pease', 'Timmi', 'tpease10@cafepress.com', 'pNfajI6SfXFa', '2606041323', '6 Lighthouse Bay Court', 'CH42 3XD', 'Alchevs’k', '2002-11-02', '2018-04-28', 1, 0, 0, ''),
(39, 'Almire', 'Dutson', 'Cyndia', 'cdutson11@webeden.co.uk', 'uWzYiEPHNjxH', '9723730951', '28524 Village Parkway', 'SY13 4BH', 'Garland', '1989-12-13', '2018-07-01', 1, 0, 0, ''),
(40, 'Elton', 'Gandy', 'Alf', 'agandy12@bloglines.com', 'c2qSCiRjBk0z', '3162130927', '97455 Lien Parkway', 'LL62 5AR', 'Fenjie', '1982-10-24', '2018-07-07', 1, 0, 0, ''),
(41, 'Carolin', 'Keasey', 'Dwight', 'dkeasey13@businesswire.com', 'jlypQterHQ', '9447202362', '693 Holy Cross Center', 'NG21 9BS', 'Takatsuki', '1987-11-21', '2018-12-03', 0, 0, 0, ''),
(42, 'Erhart', 'Bramhall', 'Jasmina', 'jbramhall14@mlb.com', 'M1XD2PSh2Sd', '8236641148', '59742 Ridgeway Circle', 'NG21 9BS', 'Chernyshkovskiy', '2006-09-07', '2018-09-07', 1, 0, 0, ''),
(43, 'Horacio', 'Cominetti', 'Matt', 'mcominetti15@answers.com', 'UjNiJ9v', '6531435779', '1 7th Street', 'L31 0BJ', 'Vaitape', '1988-08-23', '2019-03-10', 1, 0, 0, ''),
(44, 'Lina', 'Leyrroyd', 'Russell', 'rleyrroyd16@seattletimes.com', 'gWttuGBut9', '4641276437', '455 Daystar Avenue', 'SY13 4BH', 'Tajerouine', '1992-10-20', '2018-09-11', 1, 0, 0, ''),
(45, 'Tersina', 'Andrusyak', 'Bronnie', 'bandrusyak17@accuweather.com', '0mpAg9Sw', '9621536066', '4001 Shoshone Junction', 'GU28 9BZ', 'Nkayi', '1984-11-09', '2018-07-24', 1, 0, 0, ''),
(46, 'Sutherlan', 'Oleszcuk', 'Del', 'doleszcuk18@hhs.gov', 'qDaM0q6C1dE', '9315406918', '6 Sloan Place', 'SY13 4BH', 'Shizikeng', '1998-03-04', '2019-02-17', 1, 0, 0, ''),
(47, 'Lombard', 'Yallowley', 'Eal', 'eyallowley19@vimeo.com', '87LIoW', '4118680762', '40 Dennis Lane', 'CH42 3XD', 'Qacha’s Nek', '2008-10-25', '2018-06-16', 0, 0, 0, ''),
(48, 'Michaela', 'O''Corren', 'Stevy', 'socorren1a@people.com.cn', '27wlFef', '2893993092', '48967 Northridge Pass', 'CH42 3XD', 'San Antonio', '1991-03-27', '2019-03-10', 0, 0, 0, ''),
(49, 'Marissa', 'Eydel', 'Giorgio', 'geydel1b@intel.com', 'cjN3uowTc', '4078511525', '456 Arapahoe Drive', 'L31 0BJ', 'Mingshuihe', '2009-04-09', '2019-03-09', 0, 0, 0, ''),
(50, 'Giustino', 'Tregenza', 'Selia', 'stregenza1c@earthlink.net', '0fP9IjKMCFGp', '6603301182', '3 Dayton Avenue', 'TN39 3UH', 'Woha', '1987-06-15', '2018-10-12', 1, 0, 0, ''),
(51, 'Crawford', 'Lisett', 'Ezequiel', 'elisett1d@twitter.com', '8FXDL8WQ', '8049546913', '69 Oak Court', 'L31 0BJ', 'Padre Nabeto', '1995-05-10', '2018-09-04', 1, 0, 0, ''),
(52, 'Shadow', 'Tregona', 'Gina', 'gtregona1e@goodreads.com', 'YCvBiNESTC', '7516771182', '42660 School Hill', 'GU28 9BZ', 'Macinhata da Seixa', '2008-01-12', '2019-01-05', 0, 0, 0, ''),
(53, 'Ricki', 'Gronno', 'Jeffrey', 'jgronno1f@stanford.edu', 'wI2PENPVb6m', '3838323911', '6 Bluestem Terrace', 'CH42 3XD', 'Krasnofarfornyy', '1980-10-28', '2018-09-16', 1, 0, 0, ''),
(54, 'Kelvin', 'Hamlington', 'Robbin', 'rhamlington1g@ed.gov', 'MvwYgfk', '3589187044', '398 Express Alley', 'L31 0BJ', 'Przewóz', '2009-02-13', '2018-09-27', 0, 0, 0, ''),
(55, 'Emmanuel', 'Phittiplace', 'Edi', 'ephittiplace1h@pen.io', 'nKyWrNmlK', '3393055229', '98174 Lotheville Drive', 'GU28 9BZ', 'Sukth', '2006-08-05', '2019-03-16', 1, 0, 0, ''),
(56, 'Archie', 'Dellenbroker', 'Briant', 'bdellenbroker1i@odnoklassniki.ru', 'DT1OddUD8', '9125905405', '3 Carpenter Pass', 'SN14 6WB', 'Ludishan', '1992-12-31', '2018-10-24', 1, 0, 0, ''),
(57, 'Minetta', 'Honisch', 'Alvy', 'ahonisch1j@chicagotribune.com', 'sYR1MWORSg', '9653389107', '45540 Lakeland Park', 'LL62 5AR', 'Lijie', '2009-09-09', '2018-09-14', 1, 0, 0, ''),
(58, 'Felipa', 'Metcalfe', 'Leilah', 'lmetcalfe1k@nature.com', 'XUQv9GlaGpL', '8165184831', '44929 Hayes Road', 'GU28 9BZ', 'Guankou', '1985-06-07', '2018-09-28', 1, 0, 0, ''),
(59, 'Harvey', 'Bees', 'Lorita', 'lbees1l@paginegialle.it', 'l51YxmyIP', '5025795222', '3502 Annamark Place', 'TN39 3UH', 'Chixi', '1981-03-28', '2018-10-29', 0, 0, 0, ''),
(60, 'Alicea', 'Reinard', 'Ignace', 'ireinard1m@google.pl', '1TTKh1DkeNfh', '9513969757', '01 Derek Junction', 'GU28 9BZ', 'Davao', '1983-05-09', '2018-07-22', 0, 0, 0, ''),
(61, 'Corette', 'Rosenkrantz', 'Isabel', 'irosenkrantz1n@hhs.gov', 'dsb2aiJIazZe', '3968875878', '08 Spohn Avenue', 'SN14 6WB', 'Ivouani', '1984-05-11', '2019-03-13', 0, 0, 0, ''),
(62, 'Petronia', 'Staton', 'Arin', 'astaton1o@ted.com', 'oepRW4', '2045850981', '41351 Dixon Alley', 'CH42 3XD', 'Jimsar', '2001-01-14', '2018-09-17', 1, 0, 0, ''),
(63, 'Harv', 'Cornewell', 'Bernita', 'bcornewell1p@walmart.com', 'xLgZFzGz', '9047716038', '3 Chinook Crossing', 'TN39 3UH', 'Libu', '1982-05-24', '2019-02-25', 0, 0, 0, ''),
(64, 'Godard', 'Videler', 'Nealy', 'nvideler1q@statcounter.com', 'gqrTPo3v', '9579575707', '7236 New Castle Circle', 'GU28 9BZ', 'Orléans', '1989-11-13', '2019-02-04', 1, 0, 0, ''),
(65, 'Ellis', 'Upfold', 'Taylor', 'tupfold1r@cocolog-nifty.com', '9csihHKoO', '9084617169', '9283 Fuller Point', 'CH42 3XD', 'Paris 01', '1996-04-01', '2018-09-12', 0, 0, 0, ''),
(66, 'Bev', 'Arthur', 'Diane', 'darthur1s@yale.edu', 'PxLCgHIyt', '3564527344', '84087 Helena Avenue', 'NG21 9BS', 'Kota Bharu', '1984-11-26', '2018-10-02', 0, 0, 0, ''),
(67, 'Conny', 'Hindenberger', 'Ive', 'ihindenberger1t@reuters.com', 'xemL6e4', '7778466276', '87688 Basil Circle', 'L31 0BJ', 'Pico Truncado', '1990-11-23', '2018-10-11', 0, 0, 0, ''),
(68, 'Chere', 'Boas', 'Ingrid', 'iboas1u@twitter.com', 'DpLn8m', '2426371598', '3 Michigan Lane', 'NG21 9BS', 'Tamarindo', '1988-12-17', '2018-10-24', 1, 0, 0, ''),
(69, 'Ashly', 'Naldrett', 'Debbi', 'dnaldrett1v@dailymail.co.uk', 'RLy0pdfQI', '9032722869', '2607 Randy Avenue', 'CH42 3XD', 'Rožna Dolina', '1994-04-17', '2018-12-07', 1, 0, 0, ''),
(70, 'Rodrigo', 'Ferras', 'Rhea', 'rferras1w@vkontakte.ru', '7ZsUUaSJRe', '8071438064', '552 Farragut Place', 'TN39 3UH', 'Alingsås', '1986-01-01', '2018-05-18', 1, 0, 0, ''),
(71, 'Kev', 'Rootham', 'Tonia', 'trootham1x@reference.com', 'HI7R26F9iNyD', '4712813673', '072 Manufacturers Avenue', 'TN39 3UH', 'Xilaiqiao', '1997-03-18', '2018-10-04', 1, 0, 0, ''),
(72, 'Jasmin', 'Studeart', 'Melloney', 'mstudeart1y@tumblr.com', 'isdwVQV03', '4152217051', '02780 Union Circle', 'SY13 4BH', 'Yankou', '1982-01-13', '2018-06-15', 1, 0, 0, ''),
(73, 'Xymenes', 'Nelthorp', 'Kanya', 'knelthorp1z@paypal.com', '3ZCSCdswl', '4882176711', '7 Florence Street', 'GU28 9BZ', 'Yemva', '1997-06-10', '2018-10-26', 0, 0, 0, ''),
(74, 'Penrod', 'Tuff', 'Ruthi', 'rtuff20@nytimes.com', '4bEQGJdQvjp', '4271502699', '6 Paget Circle', 'SN14 6WB', 'Huaqiao', '2004-02-23', '2018-11-28', 1, 0, 0, ''),
(75, 'Kim', 'Swanston', 'Haskell', 'hswanston21@tinyurl.com', 'zfrj1g1w3', '2029622393', '4089 Ridgeview Avenue', 'L31 0BJ', 'Binitinan', '1988-10-21', '2018-08-30', 1, 0, 0, ''),
(76, 'Claudette', 'Olliver', 'Irena', 'iolliver22@ycombinator.com', 'k7QLTp', '1078080849', '758 Mendota Street', 'LL62 5AR', 'Yoshii', '2003-07-17', '2018-10-18', 0, 0, 0, ''),
(77, 'Kit', 'Degoe', 'Erina', 'edegoe23@smugmug.com', 'AaT9UL3pQ', '2486361084', '3 Ryan Hill', 'L31 0BJ', 'T?ng?il', '2006-09-19', '2018-10-04', 1, 0, 0, ''),
(78, 'Tabbie', 'Yetton', 'Richart', 'ryetton24@ox.ac.uk', '7k1kzKT', '9063381893', '87 Monument Lane', 'L31 0BJ', 'Nanfeng', '1999-10-11', '2018-08-17', 1, 0, 0, ''),
(79, 'Neysa', 'Foch', 'Maure', 'mfoch25@imageshack.us', 'olxopV0Alzp0', '9395417647', '3800 Charing Cross Lane', 'LL62 5AR', 'Huaitu', '1991-03-04', '2018-08-29', 0, 0, 0, ''),
(80, 'Jobi', 'Barde', 'Teirtza', 'tbarde26@goodreads.com', 'MxuxcUq', '2768317808', '2 Sage Alley', 'SN14 6WB', 'Tianxin', '1991-04-26', '2018-11-08', 0, 0, 0, ''),
(81, 'Calvin', 'Mohamed', 'Iseabal', 'imohamed27@cbslocal.com', 'KSJFequ', '5338357478', '5391 Jay Park', 'SY13 4BH', 'Yesan', '1995-01-04', '2018-10-24', 0, 0, 0, ''),
(82, 'Shaylyn', 'Spicer', 'Wayland', 'wspicer28@tinyurl.com', 'jXbnPfnsLUNG', '9578933319', '1066 Bartillon Terrace', 'NG21 9BS', 'Milagros', '2006-08-07', '2019-01-13', 1, 0, 0, ''),
(83, 'Desi', 'Noorwood', 'Jenelle', 'jnoorwood29@nifty.com', '3ZSjbHGcVi', '8287742257', '3 Kim Center', 'SN14 6WB', 'Tirlyanskiy', '1986-09-23', '2019-03-06', 0, 0, 0, ''),
(84, 'Deb', 'Sergent', 'Robbi', 'rsergent2a@hc360.com', '1RrfPXWy0vr6', '4366665951', '68 Cody Park', 'CH42 3XD', 'Neresnytsya', '1990-12-12', '2019-03-23', 0, 0, 0, ''),
(85, 'Miquela', 'Lacoste', 'Conni', 'clacoste2b@tuttocitta.it', 'ySvAqafIKW', '4125873274', '2 Fremont Road', 'TN39 3UH', 'Yermolino', '1980-11-08', '2018-05-30', 0, 0, 0, ''),
(86, 'Shanda', 'Pichmann', 'Vi', 'vpichmann2c@hostgator.com', 'HorF3eNMrXZr', '4062568691', '70341 Butternut Parkway', 'SY13 4BH', 'Gondang', '1997-11-20', '2018-04-30', 0, 0, 0, ''),
(87, 'Corrie', 'Mulkerrins', 'Alexandrina', 'amulkerrins2d@stanford.edu', 'yunuBUkxQt', '4322250980', '3897 Pierstorff Plaza', 'SN14 6WB', 'Genisséa', '2003-02-04', '2018-09-08', 0, 0, 0, ''),
(88, 'Inga', 'Foister', 'Jehu', 'jfoister2e@bizjournals.com', 'YhgHFoe1', '5115161947', '65 Sachs Crossing', 'SN14 6WB', 'Balitai', '1992-03-10', '2018-06-20', 1, 0, 0, ''),
(89, 'Maddie', 'Bratley', 'Elli', 'ebratley2f@google.pl', 'hlQCINP1tuPX', '7043827464', '07108 Scott Avenue', 'L31 0BJ', 'Shuitianzhuang', '1994-12-11', '2018-09-05', 1, 0, 0, ''),
(90, 'Jeth', 'Muat', 'Bink', 'bmuat2g@diigo.com', 'g2CZ2aoSG', '1488928773', '2 Novick Court', 'L31 0BJ', 'R?msar', '2003-07-24', '2018-10-29', 1, 0, 0, ''),
(91, 'Shir', 'Buscombe', 'Friedrich', 'fbuscombe2h@xing.com', 'MekTvlln', '5271474321', '794 Bluejay Point', 'GU28 9BZ', 'Satsumasendai', '1987-04-15', '2018-08-31', 1, 0, 0, ''),
(92, 'Dare', 'Leel', 'Nydia', 'nleel2i@tinypic.com', 'j7meYmEGzC', '2668948349', '303 Center Point', 'NG21 9BS', 'Yege', '2001-05-19', '2019-01-23', 1, 0, 0, ''),
(93, 'Ebenezer', 'Pickup', 'Morie', 'mpickup2j@hao123.com', 'j3DbVMUdL', '6307224223', '549 Redwing Park', 'NG21 9BS', 'Jinling', '1997-08-07', '2018-06-11', 1, 0, 0, ''),
(94, 'Aldrich', 'Balsom', 'Jamey', 'jbalsom2k@qq.com', '8mdW9oB', '5374943426', '9683 Kim Plaza', 'L31 0BJ', 'Baoshan', '2004-10-16', '2018-04-18', 0, 0, 0, ''),
(95, 'Hernando', 'Waywell', 'Fabien', 'fwaywell2l@printfriendly.com', 'CzW0qpRY6qSY', '5178695027', '6 Old Shore Junction', 'SN14 6WB', 'Biryulëvo', '1989-06-30', '2019-04-01', 0, 0, 0, ''),
(96, 'Chen', 'Fargie', 'Gage', 'gfargie2m@engadget.com', '0MYuWAMaMic9', '6896925472', '616 Becker Terrace', 'LL62 5AR', 'Roshchino', '2001-03-17', '2018-06-07', 0, 0, 0, ''),
(97, 'Marney', 'Trodd', 'Lefty', 'ltrodd2n@last.fm', 'Yi5JYsa', '3998142242', '8 Tennyson Alley', 'CH42 3XD', 'Hakha', '2010-11-11', '2018-09-05', 0, 0, 0, ''),
(98, 'Doti', 'Gouly', 'Eberto', 'egouly2o@pinterest.com', 'Jj53ldvCJ', '5689247163', '088 Armistice Junction', 'TN39 3UH', 'Manouba', '1994-03-30', '2018-06-03', 0, 0, 0, ''),
(99, 'Paolo', 'Craw', 'Dionisio', 'dcraw2p@imdb.com', 'Hi60Mx9', '7582008371', '6281 Sundown Crossing', 'NG21 9BS', 'Chuncheng', '1983-01-05', '2018-04-19', 1, 0, 0, ''),
(100, 'Ximenez', 'Bettis', 'Corinna', 'cbettis2q@amazon.co.jp', 'BzfKES', '7975388526', '510 Lake View Lane', 'SY13 4BH', 'Chatan', '1987-11-10', '2018-10-19', 1, 0, 0, ''),
(101, 'Rochelle', 'Boylan', 'Lise', 'lboylan2r@upenn.edu', 'jK75E0TC3BK', '9361377484', '73151 Menomonie Terrace', 'TN39 3UH', 'Fulnek', '1986-04-19', '2018-07-06', 0, 0, 0, ''),
(102, 'Dari', 'Greening', 'Loralyn', 'lgreening2s@blinklist.com', 'ql8dNjyv3', '7082308426', '96 Lakewood Gardens Way', 'SY13 4BH', 'Mansôa', '2005-10-31', '2018-07-27', 1, 0, 0, ''),
(103, 'Joceline', 'Hugueville', 'Jody', 'jhugueville2t@scribd.com', 'EDjYh4fhi38V', '9103343830', '28 Dixon Court', 'SY13 4BH', 'Na Tan', '2010-01-27', '2018-05-18', 0, 0, 0, ''),
(104, 'Eloise', 'Lyptratt', 'Nerita', 'nlyptratt2u@kickstarter.com', '16FnBZGj', '8711371661', '4076 Prairie Rose Way', 'LL62 5AR', 'Hongshanyao', '1984-07-01', '2018-05-03', 0, 0, 0, ''),
(105, 'Ariel', 'Metzing', 'Blanca', 'bmetzing2v@comcast.net', 'BYFOgHdG', '7807835932', '47 Sommers Park', 'SN14 6WB', 'C?u Gi?y', '2009-09-28', '2018-04-25', 0, 0, 0, ''),
(106, 'Hermine', 'Pirie', 'Lynne', 'lpirie2w@marriott.com', 'IUdJxXo', '5904097767', '446 Commercial Lane', 'L31 0BJ', 'Nanyo', '2008-11-21', '2018-09-01', 1, 0, 0, ''),
(107, 'Kristal', 'Putnam', 'Suzy', 'sputnam2x@prnewswire.com', 'a5erhVr3', '9592338440', '31 Alpine Road', 'CH42 3XD', 'Chernyshevsk', '1981-01-21', '2018-04-15', 1, 0, 0, ''),
(108, 'Cyndia', 'Moulden', 'Arleyne', 'amoulden2y@jugem.jp', 'TOwNj1mqJ', '1611518627', '00 Fallview Plaza', 'CH42 3XD', 'Jatiklampok', '1992-02-25', '2019-02-16', 1, 0, 0, ''),
(109, 'Thia', 'Vasilenko', 'Barth', 'bvasilenko2z@elegantthemes.com', 'Pb1AHcvsi', '1862767258', '5 Mariners Cove Parkway', 'SY13 4BH', 'Shibi', '1986-01-13', '2018-10-15', 0, 0, 0, ''),
(110, 'Nissa', 'McGarry', 'Luce', 'lmcgarry30@joomla.org', 'PBiVLK', '8385882314', '8029 Sheridan Drive', 'GU28 9BZ', 'Courtaboeuf', '2007-06-30', '2019-02-17', 1, 0, 0, ''),
(111, 'Hiram', 'Syalvester', 'Bethanne', 'bsyalvester31@ebay.com', 'RaxBZTLK', '5038734287', '990 Sunbrook Park', 'L31 0BJ', 'Itaporanga', '1998-05-30', '2018-06-17', 0, 0, 0, ''),
(112, 'Roseline', 'Arnaudi', 'Jodie', 'jarnaudi32@surveymonkey.com', 'p5bCUmt', '7159522124', '2996 7th Point', 'CH42 3XD', 'Águas de Lindóia', '2008-04-07', '2018-11-08', 1, 0, 0, ''),
(113, 'Hester', 'McGrirl', 'Lauralee', 'lmcgrirl33@samsung.com', 'cSIMKQ', '9501634591', '3481 Sutherland Avenue', 'SN14 6WB', 'Watodei', '1999-02-26', '2018-04-13', 0, 0, 0, ''),
(114, 'Kora', 'Chaudrelle', 'Licha', 'lchaudrelle34@purevolume.com', 'Bf63UslF', '3442063695', '791 Harbort Trail', 'LL62 5AR', 'Pirapozinho', '1984-06-22', '2019-02-21', 0, 0, 0, ''),
(115, 'Armstrong', 'Heinz', 'Krystal', 'kheinz35@amazon.co.jp', 'cpjBZzLvm2', '8179985331', '16 Boyd Place', 'LL62 5AR', 'Kedungbacin', '1985-03-13', '2018-10-11', 1, 0, 0, ''),
(116, 'Elyse', 'Fayre', 'Yasmin', 'yfayre36@1und1.de', 'ryColo8uNJ0U', '9469696307', '2 Atwood Trail', 'CH42 3XD', 'Fonte Boa', '1992-11-28', '2019-01-25', 1, 0, 0, ''),
(117, 'Jamie', 'Kneeland', 'Richie', 'rkneeland37@163.com', 'mHoIohV', '5687040700', '1946 Corry Street', 'SY13 4BH', 'København', '1983-08-10', '2018-04-16', 0, 0, 0, ''),
(118, 'Robbie', 'Baskerfield', 'Shelia', 'sbaskerfield38@merriam-webster.com', 'cIuXsMO0U6', '3186862197', '3635 Burning Wood Trail', 'L31 0BJ', 'Daijiaba', '1996-04-14', '2018-08-08', 1, 0, 0, ''),
(119, 'Ivy', 'Binning', 'Jodie', 'jbinning39@oakley.com', 'X52EWZDw', '1843644228', '1424 Coolidge Way', 'SY13 4BH', 'Dagsar', '2002-02-15', '2018-04-06', 0, 0, 0, ''),
(120, 'Barron', 'Bolesworth', 'Gustav', 'gbolesworth3a@nymag.com', 'm94i3Sxqs', '7212485918', '991 Lake View Road', 'L31 0BJ', 'Shumikha', '1983-08-31', '2018-10-10', 1, 0, 0, ''),
(121, 'Chet', 'Roony', 'Granville', 'groony3b@studiopress.com', 'WPZRnbgIps', '1122510167', '21 Hudson Terrace', 'TN39 3UH', 'Huangjin', '2002-10-12', '2019-01-31', 0, 0, 0, ''),
(122, 'Reba', 'Leamon', 'Phyllys', 'pleamon3c@ezinearticles.com', 'PJmJeyg', '6585820963', '510 Kings Center', 'L31 0BJ', 'Nueva Vida Sur', '2000-09-08', '2018-11-30', 0, 0, 0, ''),
(123, 'Davy', 'Croyden', 'Andi', 'acroyden3d@google.co.uk', 'y7Hwn1Yp', '4788867318', '72 Canary Point', 'SY13 4BH', 'Fafe', '2008-03-01', '2019-03-30', 0, 0, 0, ''),
(124, 'Lilias', 'De Bischof', 'Stevena', 'sdebischof3e@people.com.cn', 'OXGxssRJ6', '9292103683', '03 Garrison Drive', 'L31 0BJ', 'Sukacai Tengah', '2006-04-03', '2018-11-12', 0, 0, 0, ''),
(125, 'Emma', 'Caldecutt', 'Rube', 'rcaldecutt3f@constantcontact.com', 'VxTHJtBH', '8051955851', '58754 Nevada Park', 'TN39 3UH', 'Rialma', '1996-10-15', '2018-11-07', 0, 0, 0, ''),
(126, 'Emilie', 'Ollie', 'Anatola', 'aollie3g@mayoclinic.com', 'snKQKTLE', '6663998936', '1 Vermont Pass', 'SN14 6WB', 'Mozelos', '1983-07-06', '2018-10-01', 1, 0, 0, ''),
(127, 'Riccardo', 'Ingles', 'Justine', 'jingles3h@technorati.com', 'JHnEuFsgZ8V', '1898741091', '5939 Vernon Trail', 'TN39 3UH', 'Gaotang', '1990-01-04', '2018-09-27', 1, 0, 0, ''),
(128, 'Thatcher', 'Fayer', 'Doris', 'dfayer3i@is.gd', 'iPkOpGJ', '3416453215', '948 Ruskin Court', 'NG21 9BS', 'Al ‘?qir', '1993-09-09', '2018-06-19', 0, 0, 0, ''),
(129, 'Wash', 'Nucciotti', 'Lennie', 'lnucciotti3j@dailymail.co.uk', 'SF8hoA', '3532746593', '0219 Sachtjen Point', 'NG21 9BS', 'Arcos', '2005-08-03', '2018-06-23', 0, 0, 0, ''),
(130, 'Nessie', 'Cavie', 'Jasen', 'jcavie3k@purevolume.com', 'Hw0MsYyuB', '7155633764', '4 Sommers Lane', 'NG21 9BS', 'Sukadana', '1984-12-22', '2018-07-02', 1, 0, 0, ''),
(131, 'Kaiser', 'Guyet', 'Kelsey', 'kguyet3l@aol.com', '8G6cbGPUcm', '8825509595', '26 Stone Corner Terrace', 'LL62 5AR', 'Changchun', '2001-02-18', '2018-04-12', 0, 0, 0, ''),
(132, 'Teressa', 'Furlong', 'Rubina', 'rfurlong3m@gravatar.com', 'jSZnFo', '8286018869', '3220 Mandrake Parkway', 'TN39 3UH', 'Kyjov', '2000-05-14', '2019-02-20', 1, 0, 0, ''),
(133, 'Ody', 'Mercy', 'Corrie', 'cmercy3n@netvibes.com', 'LqZIO8P54t', '1142707859', '87 Westridge Parkway', 'SY13 4BH', 'Currais', '2006-06-13', '2018-11-25', 1, 0, 0, ''),
(134, 'Keslie', 'Kenright', 'Rudolph', 'rkenright3o@vimeo.com', 'sc6kGf5b', '1941029776', '243 Logan Circle', 'SN14 6WB', 'La Vega', '2000-08-27', '2019-03-02', 1, 0, 0, ''),
(135, 'Rebbecca', 'Colqueran', 'Stephan', 'scolqueran3p@ucsd.edu', 'PQp7Bh2', '2523391271', '2581 Swallow Place', 'CH42 3XD', 'Forninho', '2008-04-22', '2018-11-18', 0, 0, 0, ''),
(136, 'Anderson', 'Telford', 'Danielle', 'dtelford3q@cafepress.com', 'lyDy1vWq', '4983270114', '6124 Caliangt Junction', 'L31 0BJ', 'Palampal', '1990-06-25', '2018-10-12', 1, 0, 0, ''),
(137, 'Celene', 'Traske', 'Cthrine', 'ctraske3r@so-net.ne.jp', 'lt8Sqq5', '4678105344', '71571 Brentwood Lane', 'NG21 9BS', 'Bestovje', '1985-04-25', '2018-08-24', 1, 0, 0, ''),
(138, 'Brigitte', 'Thieme', 'Jacquelyn', 'jthieme3s@narod.ru', 'yDkbxO', '5017155521', '4423 Hovde Terrace', 'SN14 6WB', 'Farsta', '1993-06-02', '2019-02-15', 0, 0, 0, ''),
(139, 'Burr', 'Devers', 'Angelia', 'adevers3t@wikia.com', 'sHuIE8GX', '6442376599', '98 Namekagon Hill', 'CH42 3XD', 'Yuncheng', '1996-04-12', '2018-10-30', 0, 0, 0, ''),
(140, 'Inez', 'Goublier', 'Franz', 'fgoublier3u@hatena.ne.jp', 'kcyGfm3O', '3145390548', '60353 Mallard Place', 'L31 0BJ', 'Kushima', '1994-04-19', '2018-11-25', 0, 0, 0, ''),
(141, 'Claudetta', 'Carwithan', 'Melodee', 'mcarwithan3v@ca.gov', 'u2KxmCYarfU', '1114667818', '21 Tennessee Road', 'L31 0BJ', 'Strasbourg', '1997-01-04', '2018-11-08', 0, 0, 0, ''),
(142, 'Anstice', 'Dingwall', 'Gilberte', 'gdingwall3w@wunderground.com', 'JMoBDiqFs', '8919213939', '894 Holmberg Court', 'NG21 9BS', 'Saint-Flour', '2002-03-30', '2018-05-19', 1, 0, 0, ''),
(143, 'Frederigo', 'Adger', 'Maris', 'madger3x@indiatimes.com', '4doh7m7rocXD', '3083296119', '548 Morrow Center', 'CH42 3XD', 'Huangsangkou', '1985-12-30', '2018-12-09', 0, 0, 0, ''),
(144, 'Alexandr', 'Mithan', 'Garrott', 'gmithan3y@spotify.com', 'ufrE4lU', '7225980500', '5364 Blue Bill Park Crossing', 'LL62 5AR', 'Gongju', '1996-06-06', '2018-09-20', 1, 0, 0, ''),
(145, 'Lorilyn', 'McKinney', 'Merla', 'mmckinney3z@vk.com', 'g6dmLFr', '7194302647', '69819 Hintze Trail', 'SY13 4BH', 'Wysoka', '2009-01-23', '2019-02-09', 0, 0, 0, ''),
(146, 'Tyrus', 'Cowpland', 'Tudor', 'tcowpland40@cpanel.net', 'hrmsOZ6x', '5381762076', '9 Hooker Center', 'LL62 5AR', 'Kubang', '2002-03-20', '2018-08-02', 1, 0, 0, ''),
(147, 'Marion', 'Drage', 'Catha', 'cdrage41@army.mil', 'Y1oh0SO0', '6315789147', '72354 Mayfield Court', 'GU28 9BZ', 'Point Hill', '2008-02-17', '2018-11-07', 1, 0, 0, ''),
(148, 'Ralf', 'Swindon', 'Sonya', 'sswindon42@blinklist.com', 'BHFNGPW54J', '6734407995', '23 Anderson Junction', 'LL62 5AR', 'Ash Sh?m?yah', '2001-10-28', '2018-06-08', 0, 0, 0, ''),
(149, 'Valli', 'Sudell', 'Bianca', 'bsudell43@jalbum.net', '9UohxkzQ2sMJ', '1549881389', '0 Cascade Hill', 'TN39 3UH', 'Jincheng', '2000-06-22', '2018-04-26', 1, 0, 0, ''),
(150, 'Byrann', 'Warret', 'Dru', 'dwarret44@netscape.com', '8rkpBG', '3139930202', '6686 Lillian Drive', 'GU28 9BZ', 'Kapitanivka', '1983-08-03', '2018-12-01', 0, 0, 0, ''),
(151, 'Debi', 'Canton', 'Walker', 'wcanton45@engadget.com', 'lt2WkzDGpRJW', '6032363617', '74 Kipling Court', 'GU28 9BZ', 'Tutem', '1995-05-16', '2019-02-14', 0, 0, 0, ''),
(152, 'Vevay', 'Shepherd', 'Marty', 'mshepherd46@webmd.com', 'h2hN6decQl', '7081409386', '937 Arizona Junction', 'NG21 9BS', 'Fortaleza', '1999-03-22', '2018-10-09', 1, 0, 0, ''),
(153, 'Willie', 'Lynagh', 'Friedrich', 'flynagh47@livejournal.com', 'atsmw4', '3696482665', '78 Logan Drive', 'GU28 9BZ', 'Óbidos', '1988-07-09', '2018-04-18', 0, 0, 0, ''),
(154, 'Cary', 'Drissell', 'Kalie', 'kdrissell48@merriam-webster.com', '7v83Z4tsGUT', '3584202617', '18 Elgar Junction', 'LL62 5AR', 'Xiqiao', '1986-07-20', '2018-10-12', 1, 0, 0, ''),
(155, 'Vittorio', 'Eudall', 'Sean', 'seudall49@wix.com', 'DpCLhMgMz', '3312978312', '2522 Sunfield Way', 'CH42 3XD', 'Lubin', '1990-09-29', '2019-01-20', 1, 0, 0, ''),
(156, 'Felicity', 'Brabban', 'Benyamin', 'bbrabban4a@cloudflare.com', 'n4o2qvBi7', '4538213188', '55516 Shopko Terrace', 'GU28 9BZ', 'Gualaceo', '1994-12-13', '2018-08-20', 1, 0, 0, ''),
(157, 'Shawnee', 'Saxelby', 'Stephie', 'ssaxelby4b@google.com.hk', 'qqUenejoSC', '6423810594', '2399 Lighthouse Bay Crossing', 'LL62 5AR', 'J?w?', '1999-04-26', '2019-02-12', 1, 0, 0, ''),
(158, 'Tommie', 'Dasent', 'Ninetta', 'ndasent4c@chronoengine.com', 'DFCTwy', '9912124409', '59195 Thompson Way', 'SN14 6WB', 'Tuquan', '1987-10-17', '2019-03-03', 0, 0, 0, ''),
(159, 'Win', 'Worham', 'Kalila', 'kworham4d@hostgator.com', 'nRfIduGcN', '7026419971', '8713 Holy Cross Hill', 'SN14 6WB', 'Jönköping', '2008-05-17', '2019-03-27', 1, 0, 0, ''),
(160, 'Patsy', 'Foucar', 'Quinlan', 'qfoucar4e@trellian.com', 'JFeIO9wuYh', '6094596007', '3 Express Hill', 'NG21 9BS', 'Yangkang', '1990-11-25', '2019-03-31', 1, 0, 0, ''),
(161, 'Olva', 'Beelby', 'Laurie', 'lbeelby4f@reuters.com', 'HrmmrqmD', '7627473815', '61 Sugar Junction', 'NG21 9BS', 'Padangsidempuan', '1983-08-25', '2019-01-25', 0, 0, 0, ''),
(162, 'Vivyan', 'Jales', 'Florie', 'fjales4g@godaddy.com', 'QL0D9lUJYSzI', '9292587896', '9 Pond Avenue', 'CH42 3XD', 'Morfovoúni', '1991-05-27', '2018-07-16', 0, 0, 0, ''),
(163, 'Boonie', 'Crocket', 'Forrester', 'fcrocket4h@comcast.net', 'mWkUqA', '1398050540', '10 Kim Plaza', 'CH42 3XD', 'Cheonan', '2002-11-06', '2019-01-05', 0, 0, 0, ''),
(164, 'Nonna', 'Boydell', 'Linette', 'lboydell4i@intel.com', 'RvEDw5SvAj', '7333192595', '2158 Florence Crossing', 'GU28 9BZ', 'Deventer', '1983-09-28', '2018-07-12', 0, 0, 0, ''),
(165, 'Rhetta', 'Jirzik', 'Georgine', 'gjirzik4j@wikipedia.org', 'GJ7EpOh327D', '8043528374', '173 Dixon Plaza', 'CH42 3XD', 'Stockholm', '1991-12-26', '2018-08-19', 1, 0, 0, ''),
(166, 'Willie', 'Gomm', 'Alvira', 'agomm4k@infoseek.co.jp', 'IySB7klc', '9362049968', '546 Scoville Plaza', 'SY13 4BH', 'Ch? Chu', '1988-01-13', '2018-11-27', 1, 0, 0, ''),
(167, 'Katti', 'Salway', 'Jeth', 'jsalway4l@narod.ru', 'bAEcnhyjJw', '3851410263', '9053 Pepper Wood Alley', 'SN14 6WB', 'Jatibonico', '2010-10-08', '2018-11-09', 1, 0, 0, ''),
(168, 'Henrik', 'Carless', 'Feliks', 'fcarless4m@fastcompany.com', 'yXSO5H6L', '7448860448', '31 Scott Court', 'GU28 9BZ', 'Imeni Tsyurupy', '1989-01-09', '2018-06-02', 0, 0, 0, ''),
(169, 'Larine', 'Buy', 'Barney', 'bbuy4n@wufoo.com', '8kzTR4ekf', '3648694440', '62354 Larry Alley', 'SY13 4BH', 'Patrang', '1990-12-09', '2018-10-08', 1, 0, 0, ''),
(170, 'Catriona', 'Shortt', 'Dierdre', 'dshortt4o@trellian.com', 'uYFQgx', '1501007910', '9 Lunder Avenue', 'CH42 3XD', 'Tremembé', '2002-08-15', '2019-03-02', 0, 0, 0, ''),
(171, 'Brit', 'Porch', 'Ase', 'aporch4p@gravatar.com', 'LqyWWyshHCx', '4972526711', '95455 Calypso Way', 'GU28 9BZ', '?ah??', '2010-12-15', '2019-01-11', 0, 0, 0, ''),
(172, 'Daryl', 'Skirving', 'Teressa', 'tskirving4q@jiathis.com', 'MJrDJg', '2568907666', '41 Clove Junction', 'GU28 9BZ', 'Starotitarovskaya', '1989-02-15', '2019-02-27', 1, 0, 0, ''),
(173, 'Prue', 'Pincked', 'Goldina', 'gpincked4r@mac.com', 'CJVejzbwJX', '5879393845', '77 Shasta Terrace', 'LL62 5AR', 'Hengqu', '1994-09-15', '2018-05-13', 0, 0, 0, ''),
(174, 'Sioux', 'Dempster', 'Mildred', 'mdempster4s@weebly.com', 'U8LFyuqAeMw0', '9053752511', '23 Vernon Junction', 'L31 0BJ', 'Penisihan', '1992-01-20', '2019-02-01', 0, 0, 0, ''),
(175, 'Joyous', 'William', 'Cate', 'cwilliam4t@twitter.com', 'H9mKaNd', '8625710482', '8 Maple Wood Avenue', 'GU28 9BZ', 'Nariño', '1995-06-23', '2018-08-11', 1, 0, 0, ''),
(176, 'Erick', 'Veldman', 'Vail', 'vveldman4u@nhs.uk', '2khS1Apd2xa', '6357447391', '04 Sommers Plaza', 'GU28 9BZ', 'Poitiers', '2000-05-11', '2019-03-23', 1, 0, 0, ''),
(177, 'Brooks', 'Kersaw', 'Sheela', 'skersaw4v@vinaora.com', 'jQlLxMRE', '6524233650', '17 Daystar Pass', 'CH42 3XD', 'Karakul’', '1982-05-29', '2019-01-24', 0, 0, 0, ''),
(178, 'Kellen', 'Sannes', 'Jolynn', 'jsannes4w@auda.org.au', 'wTuuimHiCWG1', '9716251145', '5 Garrison Way', 'GU28 9BZ', 'Portland', '1988-08-27', '2018-05-15', 1, 0, 0, ''),
(179, 'Geneva', 'Feasley', 'Daveen', 'dfeasley4x@hexun.com', '77LmkTg6XR', '8337268484', '440 Monica Pass', 'LL62 5AR', 'Kyela', '1981-08-19', '2019-03-02', 1, 0, 0, ''),
(180, 'Barron', 'Squires', 'Lesly', 'lsquires4y@meetup.com', '71hEqqrl', '9183024649', '16 Muir Lane', 'CH42 3XD', 'Rizal', '2006-04-27', '2018-05-24', 1, 0, 0, ''),
(181, 'Broddie', 'Allder', 'Caro', 'callder4z@berkeley.edu', 'eke0W5', '3138312276', '24403 Pearson Center', 'CH42 3XD', 'Puncakbaru', '2011-01-25', '2018-08-20', 1, 0, 0, ''),
(182, 'Shaine', 'Kinnier', 'Della', 'dkinnier50@rambler.ru', 'DpgasAmbtl79', '4925735964', '60 Wayridge Lane', 'L31 0BJ', 'San Marcos', '1984-12-01', '2018-05-30', 1, 0, 0, ''),
(183, 'Sidonnie', 'Conn', 'Lorine', 'lconn51@weebly.com', 'm3Q8jgXMj', '2344996641', '98632 Milwaukee Crossing', 'SY13 4BH', 'Wilkowice', '1995-08-24', '2018-09-05', 0, 0, 0, ''),
(184, 'Betty', 'Darinton', 'Steward', 'sdarinton52@comsenz.com', 'e9cTI3Be', '8818740500', '672 Pleasure Park', 'TN39 3UH', 'Hexiangqiao', '2006-06-27', '2019-03-09', 0, 0, 0, ''),
(185, 'Zaneta', 'Lyvon', 'Clevie', 'clyvon53@unesco.org', 'kUYVJLzda', '2982217219', '648 Bartillon Center', 'NG21 9BS', 'San Ramón de la Nueva Orán', '1982-01-30', '2018-07-17', 1, 0, 0, ''),
(186, 'Vale', 'Lamb-shine', 'Grete', 'glambshine54@shop-pro.jp', 'CmQqlulWjs', '8545570996', '689 Delladonna Drive', 'SY13 4BH', 'El Peñol', '1982-08-09', '2018-05-22', 1, 0, 0, ''),
(187, 'Gladys', 'Buey', 'Sanders', 'sbuey55@chronoengine.com', 'RsSzGj', '5599468970', '85 Mallard Pass', 'SY13 4BH', 'Carbonear', '1999-06-13', '2019-03-16', 0, 0, 0, ''),
(188, 'Aurore', 'Hatchette', 'Wally', 'whatchette56@tripod.com', 'x15WevnL', '5363921314', '171 Elgar Place', 'LL62 5AR', 'Bueng Samakkhi', '1980-06-10', '2018-12-19', 0, 0, 0, ''),
(189, 'Bree', 'Atwood', 'Chad', 'catwood57@sfgate.com', 'RDxfPYiy', '7929693304', '61 Melby Road', 'SN14 6WB', 'Tongzhong', '2003-11-30', '2018-10-28', 1, 0, 0, ''),
(190, 'Federico', 'Goldsbrough', 'Emelda', 'egoldsbrough58@un.org', 'Lc5CEi2', '9207087826', '466 Briar Crest Court', 'L31 0BJ', 'Tangdong', '1986-07-05', '2019-01-23', 0, 0, 0, ''),
(191, 'Maegan', 'Chatwin', 'Meriel', 'mchatwin59@people.com.cn', 'h22ilPF2', '2345520694', '982 5th Parkway', 'SY13 4BH', 'A? ??rah', '1983-12-22', '2018-06-09', 0, 0, 0, ''),
(192, 'Yves', 'Brabbs', 'Ward', 'wbrabbs5a@taobao.com', 'e31ga99496cg', '5202741644', '2617 Spohn Place', 'LL62 5AR', 'Okulovka', '1998-07-28', '2018-10-13', 0, 0, 0, ''),
(193, 'Kriste', 'Fillis', 'Jodi', 'jfillis5b@google.it', '7GZQoQNYPGAD', '6908591311', '17 Butternut Plaza', 'LL62 5AR', 'Pamarayan', '1995-06-20', '2018-11-01', 1, 0, 0, ''),
(194, 'Giraud', 'Fetherstone', 'Papagena', 'pfetherstone5c@cnbc.com', 'JDb5fSPs2i', '7937087537', '597 Fallview Hill', 'TN39 3UH', 'Jiuheyuan', '2004-03-17', '2018-04-16', 0, 0, 0, ''),
(195, 'Erin', 'Swain', 'Joyce', 'jswain5d@msu.edu', '0Qnbbpq688Ka', '7473833531', '17 Logan Terrace', 'CH42 3XD', 'Qobu', '1994-05-31', '2018-09-04', 0, 0, 0, ''),
(196, 'Gerda', 'Sturror', 'Hendrick', 'hsturror5e@weather.com', 'diVpt7t9F', '3227784706', '31 Shoshone Trail', 'LL62 5AR', 'Serowe', '2006-04-25', '2018-12-10', 0, 0, 0, ''),
(197, 'Cyndie', 'Vibert', 'Nessa', 'nvibert5f@nsw.gov.au', 'mPT9ff1XGiOJ', '9321239997', '5 Sunbrook Road', 'LL62 5AR', 'Kozhanka', '2007-12-18', '2018-08-06', 1, 0, 0, ''),
(198, 'Joceline', 'Simmers', 'Carmela', 'csimmers5g@thetimes.co.uk', 'SogCb8uxst4f', '4888993465', '32 Bay Street', 'GU28 9BZ', 'Losevo', '1999-11-07', '2018-10-30', 1, 0, 0, ''),
(199, 'Viola', 'Corney', 'Tannie', 'tcorney5h@sciencedirect.com', 'Cvrv0a5z0bIn', '7455544501', '442 Warbler Parkway', 'L31 0BJ', 'Pinggang', '2000-06-16', '2018-09-14', 1, 0, 0, ''),
(200, 'Tandie', 'Blything', 'Elvyn', 'eblything5i@comsenz.com', 'To1TBibX7TPJ', '8359010266', '9720 Marcy Court', 'L31 0BJ', 'Xingtan', '1999-04-10', '2018-05-25', 1, 0, 0, ''),
(201, 'Ellette', 'Lamar', 'Debi', 'dlamar5j@lycos.com', '4egYhQq', '8169603711', '21 Farwell Point', 'NG21 9BS', 'Fakel', '1992-11-22', '2018-04-26', 0, 0, 0, ''),
(202, 'Jesse', 'Swetman', 'Cazzie', 'cswetman5k@dyndns.org', 'wb1sV2SHac', '3556098890', '5704 Bonner Alley', 'L31 0BJ', 'Burqah', '1992-02-21', '2018-05-10', 1, 0, 0, ''),
(203, 'Quint', 'Dehmel', 'Bruce', 'bdehmel5l@thetimes.co.uk', 'YZRDBqkXmD', '1836714792', '93 Cherokee Terrace', 'TN39 3UH', 'Salitral', '1986-05-03', '2019-03-26', 0, 0, 0, ''),
(204, 'Sallee', 'Oller', 'Nola', 'noller5m@google.ca', 'oZ7U7c', '1846607441', '282 Susan Road', 'CH42 3XD', 'Ráje?ko', '2002-02-09', '2018-11-24', 1, 0, 0, ''),
(205, 'Heinrik', 'Ullock', 'Baldwin', 'bullock5n@sbwire.com', 'ccCUFXUiR', '5997090835', '8906 Morrow Street', 'SY13 4BH', 'Zürich', '1984-11-16', '2018-08-11', 0, 0, 0, ''),
(206, 'Joane', 'Hargitt', 'Rockie', 'rhargitt5o@delicious.com', 'XmlBcR', '1703171611', '770 Elgar Plaza', 'LL62 5AR', 'Huangjin', '2008-04-09', '2019-02-22', 1, 0, 0, ''),
(207, 'Annnora', 'Keppie', 'Kellie', 'kkeppie5p@nymag.com', '2Cn4P5UIUQJv', '2299788015', '2 Little Fleur Court', 'LL62 5AR', 'Seversk', '2008-08-20', '2018-07-02', 1, 0, 0, ''),
(208, 'Tan', 'Costy', 'Nataline', 'ncosty5q@narod.ru', 'auaovyOMS7SF', '1835285011', '6 Kim Point', 'SY13 4BH', 'Ab? Zabad', '1982-10-09', '2018-12-06', 0, 0, 0, ''),
(209, 'Jorie', 'Walkling', 'Brod', 'bwalkling5r@opera.com', 'l3Jr9haSe5H6', '4605796839', '9 8th Way', 'CH42 3XD', 'Shigongqiao', '2007-04-11', '2018-08-17', 0, 0, 0, ''),
(210, 'Cherianne', 'Frean', 'Simonne', 'sfrean5s@desdev.cn', 'YrF8QVXX', '3582357058', '6 Tomscot Point', 'TN39 3UH', 'Huyang', '2010-12-20', '2019-03-08', 1, 0, 0, ''),
(211, 'Arluene', 'Crosfield', 'Urbain', 'ucrosfield5t@telegraph.co.uk', '3SuHFdCm5juV', '2437909451', '25805 Hansons Junction', 'CH42 3XD', 'Lesnikovo', '1995-07-17', '2019-04-01', 1, 0, 0, ''),
(212, 'Gisella', 'Sholem', 'Selena', 'ssholem5u@google.ca', 'tUFxvGU38n', '5995216679', '2 Anhalt Pass', 'NG21 9BS', 'Xijiang', '2004-09-21', '2019-01-27', 0, 0, 0, ''),
(213, 'Mair', 'Jacobsz', 'Wakefield', 'wjacobsz5v@pagesperso-orange.fr', 'm3LMcCWmV', '2495730000', '012 Summerview Court', 'CH42 3XD', 'Yélimané', '1983-07-20', '2019-03-18', 1, 0, 0, ''),
(214, 'Anstice', 'Carlozzi', 'Annette', 'acarlozzi5w@icio.us', 'WhPeDijj40n', '5293292049', '2 Boyd Park', 'TN39 3UH', 'Shah Alam', '2008-02-14', '2018-06-05', 1, 0, 0, ''),
(215, 'Nat', 'McGrail', 'Annamarie', 'amcgrail5x@buzzfeed.com', 'b14KuW9Lph', '3481652340', '571 Scofield Center', 'TN39 3UH', 'Al Man??rah', '1991-05-07', '2018-08-12', 1, 0, 0, ''),
(216, 'Kenton', 'Haysey', 'Aylmar', 'ahaysey5y@trellian.com', 'TcztLjT1sC', '5947092933', '810 Sage Avenue', 'GU28 9BZ', 'Ust-Kamenogorsk', '2010-02-19', '2018-07-03', 1, 0, 0, ''),
(217, 'Payton', 'Ruperti', 'Gregorius', 'gruperti5z@sitemeter.com', 'ROaTJG', '5314285762', '20690 Granby Road', 'NG21 9BS', 'Padova', '2000-02-04', '2019-03-01', 1, 0, 0, ''),
(218, 'Winne', 'Dearlove', 'Arline', 'adearlove60@i2i.jp', 'dzjrj2R8MGv', '1363530900', '82267 Linden Terrace', 'SY13 4BH', 'Huashu', '1998-11-28', '2018-05-11', 1, 0, 0, ''),
(219, 'Heddie', 'Lambol', 'Kenon', 'klambol61@so-net.ne.jp', 'QAVFhFSf', '9839069105', '054 Lerdahl Circle', 'CH42 3XD', 'Gabi', '2003-07-15', '2018-11-08', 0, 0, 0, ''),
(220, 'Jenni', 'Ridding', 'Marina', 'mridding62@nationalgeographic.com', 'synVdzi72FG0', '7613036116', '25 Upham Way', 'LL62 5AR', 'Lingbei', '1998-12-07', '2018-12-14', 1, 0, 0, ''),
(221, 'Andrea', 'Klaesson', 'Shari', 'sklaesson63@constantcontact.com', 'KpcSpRR1Kx', '3549912309', '9859 Summerview Park', 'GU28 9BZ', 'Prakhon Chai', '1981-05-10', '2018-07-21', 1, 0, 0, ''),
(222, 'testte', 'testing', '', 'testttt@googlemail.com', '$2y$10$lgVzJ5SUAMQJv7XSeu7wLednn9fu/uPOCtB5ITGMrDFEn7nFfwGCq', '07589249823', 'testing', 'EX2 4EM', 'test', '1990-02-02', '2019-04-05', 0, 0, 0, '61bf4eeec057b7ac'),
(224, 'testemail', 'testemail', '', 'cj.addie@googlemail.com', '$2y$10$RtPPKov.KaD6RbmERlqjO.thrTozne5C8conI.2yYRdRI8bv2qd/2', '07685948392', '9 Saredon Gardens', 'DY1 4FA', 'Dudley', '1990-02-02', '2019-04-05', 0, 0, 1, 'adcd05a4'),
(225, 'testte', 'testte', '', 'testte@test.com', '$2y$10$Lh2YW7YoydGkms/sxtLPU.rGrzE0maH1p9Lz5dVA/QBe7f.o2PRp6', '07695843392', '9 test avenue', 'TE3 4ED', 'London', '1990-02-02', '2019-04-06', 0, 0, 1, 'd059afe9'),
(226, 'Poop', 'Poopy', '', 'asdf@asdf.com', '$2y$10$YGq.2MyCD89q84WskIomAuPD7t6SvIivSc1AoTWVFBSH7NkSOZ.Wm', '07695849383', '9 example road', 'DF4 3FM', 'London', '1990-02-02', '2019-04-08', 0, 0, 1, 'd7a264e3'),
(227, 'sdfsdf', 'sdf', '', 'sdfsdf@sdf.com', '$2y$10$/84SN7fFdblgFzeqjnjRa.ILOT9MFqX/szKNN2JUCcDiAkq4nM7Cq', '07696969696', '9 asdf', 'DL9 9XD', 'asdf', '0000-00-00', '2019-04-11', 0, 0, 1, '978e2821'),
(228, 'sdfsdf', 'sdf', '', 'sdfsdf@sdf.com', '$2y$10$Ux1SQwb7qvGcOJX1rXTJ.e/rzXQ9pbBSOECpPa5wg/.OSh90jBPoC', '07696969696', '9 asdf', 'DL9 9XD', 'asdf', '0000-00-00', '2019-04-11', 0, 0, 1, '9dffbe15'),
(229, 'sdfsdf', 'sdf', '', 'sdfsdf@sdf.com', '$2y$10$iq9kVodI1ah2PAsKHiJ.Ce1oTdrQJDlbTJsYDYGAdaH34gCd7FqDe', '07696969696', '9 asdf', 'DL9 9XD', 'asdf', '2000-01-02', '2019-04-11', 0, 0, 1, '7bbb6126'),
(230, 'asdfasdfasdf', 'asdf', '', 'asdfasdfasdf@asdf.com', '$2y$10$KUPG0X1NliXRpjdoovAgWekK.u12NWphaygzUAFlRwzjJe9SUWCTe', '07696969696', '9 adsf', 'DL9 3XM', 'test', '1996-02-03', '2019-04-12', 0, 0, 1, '216c80bc'),
(231, 'Smash', 'Mouth', '', 'somebody-once@told.me', '$2y$10$hf1eeL3TzpFW.5zI5rdEAe409996DqDzuhLDSuRL/2.eOw/B4tz/e', '07873959292', 'Anything', 'B449QN', 'Birmingham', '1990-01-04', '2019-05-06', 0, 0, 1, '58c6b4ea'),
(232, 'Cameron', 'Evans', '', 'pleasework@gmail.com', '$2y$10$bkYyB4lWqD/DPaZ8JaHeFuBwqXGRht5vU9kz3AZ5Rgj321YTP6cYy', '07565495536', '9 Saredon Gardens', 'DY1 4FA', 'Dudley', '1997-01-03', '2019-05-08', 0, 0, 1, '2cc46b4a'),
(233, 'Cameron', 'Evans', 'Testing', 'pleasework2@gmail.com', '$2y$10$1j0aOnpq14sgVGv/b0FV.e.LDg6/oEFiymS.vCAy.d0WT7qfQLR4u', '07565495536', '9 Saredon Gardens', 'DY1 4FA', 'Dudley', '1997-02-02', '2019-05-08', 0, 0, 1, '7b4ce000'),
(234, 'Scottt', 'Greenhill', 'Terence', 'g-man-star@hotmail.co.uk', '$2y$10$GZw4GYd52qycIiDrKS3GoeV.eGnW7AdJvdE2nDwEUv7zPq3cwS1w.', '01922630340', '8 pommel close', 'ws5 4qe', 'walsall', '0000-00-00', '2019-05-14', 0, 1, 1, '1e7a1743'),
(235, 'Dominic', 'Webb', 'Sharks', 'sharks@sharks.com', '$2y$10$gq/TkqLJk9QXVUWyDpa2He3QfZZM6kwBk3Zo1qgJvyO1X17l0g/Yy', '02344742757', '20 cove road', 'SH3 4RK', 'CHOMP', '1991-07-31', '2019-05-14', 0, 0, 1, 'c49cd461'),
(236, 'Thomas', 'Ali', '', 'thomasali@email.com', '$2y$10$.IMOs0xmBUepZL68nIEg3e8y7ph7MHXRVICqTKPOmU90Oe.XTFUVu', '07873959292', '38 Cooksey Lane', 'B449QN', 'Birmingham', '1998-01-15', '2019-05-15', 0, 0, 1, 'c5f77338');

--
-- Constraints for dumped tables
--

--
-- Constraints for table `archive_products`
--
ALTER TABLE `archive_products`
  ADD CONSTRAINT `archive_product_section_id_link` FOREIGN KEY (`section_id`) REFERENCES `sections` (`id`) ON DELETE CASCADE ON UPDATE CASCADE;

--
-- Constraints for table `auth_tokens`
--
ALTER TABLE `auth_tokens`
  ADD CONSTRAINT `user_id_auth_tokens_link` FOREIGN KEY (`userid`) REFERENCES `users` (`id`) ON DELETE CASCADE ON UPDATE CASCADE;

--
-- Constraints for table `cart`
--
ALTER TABLE `cart`
  ADD CONSTRAINT `product_cart_constraint` FOREIGN KEY (`product_id`) REFERENCES `products` (`id`) ON DELETE CASCADE ON UPDATE CASCADE,
  ADD CONSTRAINT `user_cart_constraint` FOREIGN KEY (`user_id`) REFERENCES `users` (`id`) ON DELETE CASCADE ON UPDATE CASCADE;

--
-- Constraints for table `products`
--
ALTER TABLE `products`
  ADD CONSTRAINT `product_section_id_link` FOREIGN KEY (`section_id`) REFERENCES `sections` (`id`) ON DELETE SET NULL ON UPDATE SET NULL;

--
-- Constraints for table `ratings`
--
ALTER TABLE `ratings`
  ADD CONSTRAINT `product_rating_constraint` FOREIGN KEY (`product_id`) REFERENCES `products` (`id`) ON DELETE CASCADE ON UPDATE CASCADE,
  ADD CONSTRAINT `user_ratings_link` FOREIGN KEY (`user_id`) REFERENCES `users` (`id`) ON DELETE CASCADE ON UPDATE CASCADE;

--
-- Constraints for table `transactions`
--
ALTER TABLE `transactions`
  ADD CONSTRAINT `coupon_fk` FOREIGN KEY (`coupon`) REFERENCES `coupon` (`id`) ON DELETE NO ACTION ON UPDATE NO ACTION,
  ADD CONSTRAINT `customer_fk` FOREIGN KEY (`customer`) REFERENCES `users` (`id`) ON DELETE NO ACTION ON UPDATE NO ACTION,
  ADD CONSTRAINT `shipping_id_fk` FOREIGN KEY (`shipping_id`) REFERENCES `shipping` (`id`) ON DELETE NO ACTION ON UPDATE NO ACTION;

/*!40101 SET CHARACTER_SET_CLIENT=@OLD_CHARACTER_SET_CLIENT */;
/*!40101 SET CHARACTER_SET_RESULTS=@OLD_CHARACTER_SET_RESULTS */;
/*!40101 SET COLLATION_CONNECTION=@OLD_COLLATION_CONNECTION */;
